{"stats":{"minecraft:custom":{"minecraft:mob_kills":66,"minecraft:interact_with_crafting_table":27,"minecraft:open_barrel":32,"minecraft:leave_game":1,"minecraft:time_since_death":23557,"minecraft:climb_one_cm":2897,"minecraft:sprint_one_cm":601735,"minecraft:walk_one_cm":609726,"minecraft:drop":38,"minecraft:damage_dealt_absorbed":80,"minecraft:talked_to_villager":7,"minecraft:play_time":125481,"minecraft:deaths":26,"minecraft:sneak_time":11407,"minecraft:walk_under_water_one_cm":32833,"minecraft:interact_with_lectern":1,"minecraft:jump":4849,"minecraft:walk_on_water_one_cm":43231,"minecraft:total_world_time":125481,"minecraft:interact_with_furnace":20,"tombstone:raider_killed":10,"minecraft:traded_with_villager":1,"minecraft:interact_with_loom":2,"minecraft:sleep_in_bed":8,"minecraft:time_since_rest":7569,"minecraft:waystone_activated":2,"minecraft:damage_taken":9599,"minecraft:trigger_trapped_chest":2,"minecraft:damage_dealt":17365,"minecraft:swim_one_cm":73848,"minecraft:fly_one_cm":1544607,"minecraft:player_kills":1,"minecraft:open_chest":33,"minecraft:crouch_one_cm":60025,"tombstone:undead_killed":21,"minecraft:interact_with_smoker":5,"minecraft:fall_one_cm":130816},"minecraft:killed_by":{"minecraft:piglin_brute":2,"iceandfire:sea_serpent":9,"minecraft:skeleton":2,"minecraft:zombie":3,"iceandfire:ghost":3,"iceandfire:fire_dragon":5,"epicsamurai:kitsune":1},"minecraft:broken":{"minecraft:golden_boots":1,"minecraft:stone_sword":1,"minecraft:golden_axe":1,"minecraft:iron_helmet":1,"magistuarmory:rustedchainmail_leggings":2,"minecraft:golden_chestplate":1},"minecraft:dropped":{"minecraft:iron_sword":1,"minecraft:wheat_seeds":1,"minecraft:spore_blossom":2,"magistuarmory:rustedcrusader_chestplate":1,"minecraft:golden_axe":1,"iceandfire:ectoplasm":9,"magistuarmory:rustednorman_helmet":1,"minecraft:coal":4,"minecraft:cobweb":1,"iceandfire:copper_ingot":2,"tombstone:grave_key":3,"magistuarmory:rusted_bastardsword":1,"tombstone:grave_dust":3,"iceandfire:silver_nugget":10,"minecraft:player_head":1,"minecraft:rotten_flesh":9,"minecraft:carrot":2,"minecraft:poppy":2,"supplementaries:ash":6,"iceandfire:ghost_chest":2,"minecraft:skeleton_skull":1,"iceandfire:bestiary":2,"iceandfire:frost_lily":1,"magistuarmory:rustedchainmail_chestplate":1,"minecraft:wooden_pickaxe":3},"minecraft:mined":{"minecraft:red_carpet":1,"byg:clover_patch":1,"croptopia:orange_crop":1,"minecraft:black_terracotta":1,"minecraft:brewing_stand":2,"minecraft:granite":3,"minecraft:cave_vines_plant":1,"minecraft:stripped_crimson_hyphae":3,"croptopia:lime_crop":1,"minecraft:purple_terracotta":1,"minecraft:grass_block":7,"minecraft:deepslate_bricks":20,"minecraft:kelp":2,"minecraft:spawner":1,"minecraft:spore_blossom":1,"minecraft:carrots":1,"minecraft:iron_ore":3,"minecraft:fire":38,"minecraft:moss_carpet":1,"croptopia:peach_crop":6,"iceandfire:gold_pile":3,"minecraft:vine":3,"minecraft:deepslate_brick_stairs":2,"minecraft:black_candle":2,"iceandfire:frost_lily":1,"minecraft:stone":18,"minecraft:player_head":2,"minecraft:kelp_plant":2,"supplementaries:book_pile":1,"minecraft:warped_fence":1,"minecraft:torch":5,"iceandfire:ghost_chest":1,"minecraft:rose_bush":1,"minecraft:mushroom_stem":51,"minecraft:copper_ore":4,"minecraft:tall_grass":16,"minecraft:oak_planks":4,"minecraft:sugar_cane":2,"byg:green_enchanted_leaves":3,"minecraft:wall_torch":12,"minecraft:skeleton_skull":1,"additional_lights:fire_for_standing_torch_s":1,"minecraft:birch_log":16,"minecraft:wheat":8,"minecraft:lilac":1,"croptopia:pear_crop":3,"minecraft:birch_leaves":3,"minecraft:yellow_bed":13,"minecraft:wither_rose":2,"minecraft:grass":16,"minecraft:oak_log":13,"minecraft:coal_ore":34,"iceandfire:silver_pile":3,"croptopia:celery_crop":1,"minecraft:sunflower":1,"minecraft:dirt":3,"byg:tall_pink_allium":9,"minecraft:cobweb":4,"minecraft:brown_terracotta":2,"minecraft:red_mushroom_block":28,"byg:tall_allium":9,"create:crimsite":2,"minecraft:oak_leaves":19},"minecraft:killed":{"minecraft:vindicator":1,"minecraft:spider":1,"minecraft:horse":3,"minecraft:skeleton":4,"minecraft:chicken":4,"minecraft:piglin_brute":5,"minecraft:piglin":6,"minecraft:zombie_villager":1,"minecraft:iron_golem":1,"epicsamurai:kitsune":1,"minecraft:creeper":3,"minecraft:pillager":9,"minecraft:zombie":13,"iceandfire:ghost":3,"iceandfire:sea_serpent":2,"minecraft:cow":5},"minecraft:crafted":{"minecraft:wooden_sword":1,"minecraft:oak_planks":52,"minecraft:furnace":1,"minecraft:bone_meal":12,"sophisticatedbackpacks:copper_backpack":1,"minecraft:stone_pickaxe":1,"minecraft:chest":1,"jet_and_elias_armors:japanese_footsoldier_helmet":1,"sophisticatedbackpacks:iron_backpack":1,"minecraft:cooked_beef":5,"paraglider:paraglider":1,"blue_skies:blue_journal":1,"sophisticatedbackpacks:backpack":1,"minecraft:crafting_table":7,"minecraft:wooden_pickaxe":1,"minecraft:copper_ingot":14,"additional_lights:fire_for_standing_torch_s":1,"sophisticatedbackpacks:gold_backpack":1,"minecraft:birch_planks":64,"minecraft:air":0,"minecraft:stick":20,"minecraft:iron_ingot":1,"minecraft:stone_sword":1,"minecraft:torch":28},"minecraft:picked_up":{"iceandfire:copper_ingot":2,"minecraft:wheat":8,"minecraft:chicken":4,"minecraft:ladder":1,"croptopia:peach":6,"byg:tall_pink_allium":5,"minecraft:wooden_pickaxe":2,"minecraft:wither_rose":2,"minecraft:enchanted_book":1,"tombstone:grave_key":1,"minecraft:brewing_stand":2,"minecraft:raw_copper":17,"iceandfire:manuscript":2,"minecraft:string":6,"iceandfire:sea_serpent_scales_teal":8,"minecraft:warped_fence":1,"croptopia:pear":3,"iceandfire:bestiary":2,"minecraft:gold_nugget":18,"iceandfire:frost_lily":1,"minecraft:beef":9,"minecraft:player_head":2,"minecraft:poppy":2,"minecraft:sugar_cane":6,"minecraft:birch_sapling":1,"minecraft:egg":1,"minecraft:stripped_crimson_hyphae":2,"minecraft:raw_iron":3,"minecraft:stick":2,"iceandfire:ghost_chest":2,"minecraft:brown_terracotta":2,"minecraft:torch":21,"magistuarmory:rustedbarbute":1,"epicfight:skillbook":2,"minecraft:golden_axe":1,"tombstone:grave_dust":7,"minecraft:carrot":2,"magistuarmory:rustedcrusader_chestplate":1,"minecraft:purple_terracotta":1,"minecraft:arrow":4,"iceandfire:silver_ingot":2,"minecraft:rotten_flesh":13,"minecraft:deepslate_bricks":19,"supplementaries:ash":7,"minecraft:deepslate_brick_stairs":2,"minecraft:skeleton_skull":1,"minecraft:cobblestone":16,"minecraft:birch_log":16,"minecraft:feather":6,"iceandfire:sea_serpent_fang":1,"minecraft:leather":8,"minecraft:red_mushroom":5,"minecraft:birch_planks":4,"paraglider:spirit_orb":2,"additional_lights:fire_for_standing_torch_s":1,"minecraft:oak_log":13,"iceandfire:ectoplasm":8,"minecraft:yellow_bed":13,"minecraft:gunpowder":4,"minecraft:dirt":9,"minecraft:red_carpet":1,"minecraft:bone":9,"minecraft:kelp":2,"minecraft:wheat_seeds":22,"minecraft:spore_blossom":2,"minecraft:iron_ingot":3,"minecraft:cobweb":2,"minecraft:oak_planks":3,"croptopia:lime":1,"minecraft:black_terracotta":1,"minecraft:black_candle":6,"magistuarmory:rustedchainmail_chestplate":1,"iceandfire:sea_serpent_scales_green":4,"magistuarmory:rustednorman_helmet":1,"magistuarmory:rustedchainmail_leggings":2,"minecraft:spider_eye":1,"create:crimsite":2,"magistuarmory:rusted_bastardsword":1,"byg:tall_allium":4,"minecraft:iron_helmet":1,"minecraft:granite":3,"minecraft:emerald":34,"minecraft:oak_sapling":2,"iceandfire:silver_nugget":10,"minecraft:coal":34},"minecraft:used":{"minecraft:stone_sword":139,"minecraft:flint_and_steel":9,"minecraft:iron_sword":281,"minecraft:torch":42,"minecraft:brewing_stand":1,"minecraft:dirt":8,"minecraft:granite":3,"minecraft:brown_terracotta":2,"minecraft:warped_fence":1,"croptopia:peach":6,"croptopia:lime":1,"minecraft:furnace":1,"magistuarmory:rusted_bastardsword":3,"tombstone:gift":4,"minecraft:cooked_beef":5,"croptopia:pear":3,"magistuarmory:rustedchainmail_leggings":1,"minecraft:golden_axe":23,"epicfight:skillbook":2,"minecraft:birch_planks":7,"minecraft:stone_pickaxe":94,"minecraft:baked_potato":37,"minecraft:oak_planks":20,"jet_and_elias_armors:japanese_footsoldier_helmet":1,"minecraft:wooden_pickaxe":29,"minecraft:deepslate_bricks":19,"minecraft:white_wool":5,"minecraft:crafting_table":7,"minecraft:crossbow":4,"minecraft:purple_terracotta":1,"minecraft:deepslate_brick_stairs":2,"minecraft:black_terracotta":1,"minecraft:apple":2,"minecraft:bread":12,"minecraft:enchanted_book":1,"minecraft:diamond_sword":135,"minecraft:wooden_sword":13,"minecraft:cobblestone":3,"additional_lights:fire_for_standing_torch_s":2,"minecraft:black_candle":3,"minecraft:yellow_bed":13,"minecraft:bone_meal":12,"minecraft:cobweb":1}},"DataVersion":2975}