{"stats":{"minecraft:custom":{"minecraft:interact_with_smithing_table":1,"minecraft:interact_with_anvil":5,"minecraft:mob_kills":60,"minecraft:interact_with_crafting_table":38,"minecraft:open_barrel":41,"minecraft:interact_with_campfire":1,"minecraft:leave_game":1,"minecraft:time_since_death":29519,"minecraft:climb_one_cm":1153,"minecraft:sprint_one_cm":492454,"minecraft:walk_one_cm":870758,"minecraft:damage_blocked_by_shield":1830,"minecraft:drop":84,"minecraft:talked_to_villager":1,"minecraft:play_time":109100,"minecraft:deaths":2,"minecraft:sneak_time":8618,"minecraft:walk_under_water_one_cm":7359,"minecraft:jump":2836,"minecraft:walk_on_water_one_cm":15886,"minecraft:total_world_time":109100,"minecraft:interact_with_furnace":42,"tombstone:raider_killed":2,"minecraft:sleep_in_bed":4,"minecraft:time_since_rest":6987,"minecraft:damage_taken":2701,"minecraft:damage_absorbed":40,"minecraft:trigger_trapped_chest":1,"minecraft:damage_dealt":12494,"minecraft:swim_one_cm":53594,"minecraft:fly_one_cm":709887,"minecraft:open_chest":30,"tombstone:undead_killed":25,"minecraft:crouch_one_cm":44619,"minecraft:fall_one_cm":59779},"minecraft:killed_by":{"minecraft:skeleton":1},"minecraft:broken":{"minecraft:golden_sword":1,"minecraft:iron_sword":1,"minecraft:iron_pickaxe":1},"minecraft:dropped":{"byg:biomepedia":2,"minecraft:bread":1,"minecraft:wheat_seeds":2,"minecraft:lapis_lazuli":22,"minecraft:glass_bottle":5,"minecraft:iron_helmet":2,"minecraft:feather":1,"minecraft:cobblestone":3,"minecraft:book":1,"minecraft:amethyst_block":26,"minecraft:leather":2,"minecraft:coal":4,"minecraft:cobweb":14,"rpgsmw:edmantium":1,"minecraft:mutton":2,"byg:soapstone":6,"magistuarmory:rusted_bastardsword":1,"minecraft:map":1,"tombstone:grave_dust":1,"minecraft:golden_hoe":1,"minecraft:iron_axe":2,"minecraft:iron_pickaxe":1,"magistuarmory:rustedbarbute":1,"magistuarmory:corruptedroundshield":2,"minecraft:string":1,"minecraft:trapped_chest":1,"minecraft:white_wool":1,"minecraft:gold_ingot":1,"minecraft:bone":2,"minecraft:gravel":8,"magistuarmory:barding":1,"alexsmobs:animal_dictionary":2,"minecraft:cobbled_deepslate":173,"minecraft:raw_copper":20,"minecraft:tuff":95,"minecraft:obsidian":1,"minecraft:rotten_flesh":6,"minecraft:iron_boots":3,"minecraft:glowstone_dust":1,"minecraft:golden_shovel":1,"blue_skies:moonstone_shard":3,"minecraft:carrot":1,"minecraft:flint_and_steel":1,"minecraft:poppy":1,"supplementaries:ash":1,"minecraft:gunpowder":8,"minecraft:iron_chestplate":1,"minecraft:charcoal":2,"rpgsmw:yellorite":1,"minecraft:spider_eye":1,"minecraft:leather_leggings":1,"minecraft:stone_pickaxe":1,"minecraft:wooden_pickaxe":3,"minecraft:raw_gold":2,"iceandfire:manuscript":34},"minecraft:mined":{"minecraft:large_amethyst_bud":1,"minecraft:tuff":96,"minecraft:deepslate_diamond_ore":8,"minecraft:granite":7,"minecraft:grass_block":1,"minecraft:jungle_log":1,"minecraft:spawner":2,"minecraft:hay_block":6,"minecraft:furnace":3,"croptopia:fig_crop":2,"minecraft:iron_ore":41,"minecraft:cobbled_deepslate":2,"minecraft:fire":10,"minecraft:andesite":1,"minecraft:anvil":2,"minecraft:deepslate_lapis_ore":4,"minecraft:vine":1,"iceandfire:gold_pile":3,"minecraft:deepslate_iron_ore":16,"epicsamurai:deepslate_silver_ore":5,"byg:mahogany_leaves":1,"minecraft:bone_block":11,"minecraft:stone":84,"supplementaries:book_pile":1,"minecraft:crafting_table":7,"minecraft:dead_bush":2,"minecraft:cobblestone":2,"minecraft:copper_ore":3,"minecraft:lapis_ore":11,"minecraft:deepslate_gold_ore":15,"minecraft:oak_planks":4,"minecraft:diorite":16,"minecraft:wall_torch":1,"supplementaries:urn":3,"rpgsmw:mineral_ore":4,"minecraft:birch_log":2,"byg:leaf_pile":1,"minecraft:yellow_bed":2,"minecraft:grass":5,"minecraft:oak_log":5,"iceandfire:silver_pile":1,"minecraft:coal_ore":13,"minecraft:dirt":1,"minecraft:gravel":11,"minecraft:cobweb":33,"minecraft:fern":1,"minecraft:deepslate":207},"minecraft:killed":{"minecraft:cave_spider":3,"minecraft:witch":2,"minecraft:spider":9,"minecraft:slime":3,"minecraft:skeleton":7,"minecraft:chicken":1,"alexsmobs:kangaroo":3,"artifacts:mimic":1,"minecraft:husk":1,"minecraft:iron_golem":1,"minecraft:creeper":2,"minecraft:sheep":1,"minecraft:zombie":17,"alexsmobs:gazelle":1,"alexsmobs:fly":1},"minecraft:crafted":{"securitycraft:mine":3,"minecraft:oak_planks":20,"minecraft:furnace":1,"minecraft:diamond_helmet":1,"minecraft:bow":1,"minecraft:iron_axe":2,"minecraft:stone_pickaxe":1,"minecraft:wheat":45,"minecraft:diamond_sword":1,"sophisticatedbackpacks:backpack":1,"minecraft:crafting_table":3,"minecraft:wooden_pickaxe":1,"minecraft:iron_helmet":1,"minecraft:iron_sword":1,"minecraft:birch_planks":8,"sophisticatedbackpacks:upgrade_base":1,"minecraft:bread":15,"minecraft:air":0,"minecraft:jungle_planks":4,"minecraft:iron_chestplate":1,"minecraft:golden_apple":1,"minecraft:diamond_pickaxe":1,"minecraft:shield":1,"minecraft:stick":16,"minecraft:iron_pickaxe":1,"minecraft:iron_ingot":28,"minecraft:gold_ingot":15,"minecraft:iron_leggings":1,"minecraft:torch":8,"minecraft:diamond_chestplate":1},"minecraft:picked_up":{"minecraft:charcoal":4,"minecraft:crafting_table":7,"byg:soapstone":6,"minecraft:chicken":1,"minecraft:anvil":2,"minecraft:wooden_pickaxe":2,"minecraft:enchanted_book":1,"minecraft:amethyst_block":26,"iceandfire:manuscript":17,"minecraft:string":39,"minecraft:raw_copper":20,"minecraft:cobbled_deepslate":270,"minecraft:poppy":1,"minecraft:iron_pickaxe":1,"minecraft:furnace":4,"minecraft:iron_boots":3,"minecraft:stick":2,"minecraft:raw_iron":62,"minecraft:torch":1,"magistuarmory:rustedbarbute":1,"epicfight:skillbook":3,"tombstone:grave_dust":5,"minecraft:diorite":16,"croptopia:fig":2,"minecraft:carrot":1,"minecraft:redstone":5,"byg:biomepedia":1,"minecraft:arrow":7,"minecraft:rotten_flesh":18,"minecraft:hay_block":5,"minecraft:gold_ingot":1,"rpgsmw:edmantium":1,"supplementaries:ash":1,"alexsmobs:kangaroo_meat":4,"minecraft:bone_block":9,"blue_skies:moonstone_shard":3,"minecraft:mutton":3,"minecraft:obsidian":1,"minecraft:cobblestone":84,"minecraft:white_wool":1,"minecraft:birch_log":2,"minecraft:feather":8,"minecraft:jungle_log":1,"minecraft:andesite":1,"minecraft:leather":2,"artifacts:thorn_pendant":1,"paraglider:spirit_orb":4,"minecraft:flint":1,"minecraft:tuff":96,"minecraft:oak_log":5,"minecraft:yellow_bed":2,"minecraft:gunpowder":16,"minecraft:lapis_lazuli":116,"minecraft:dirt":2,"minecraft:cooked_mutton":1,"minecraft:bone":14,"minecraft:wheat_seeds":2,"minecraft:raw_gold":29,"rpgsmw:yellorite":1,"minecraft:iron_ingot":3,"artifacts:whoopee_cushion":1,"minecraft:cobweb":14,"minecraft:glowstone_dust":1,"minecraft:glass_bottle":7,"epicsamurai:raw_silver":5,"minecraft:oak_planks":8,"minecraft:gravel":26,"alexsmobs:kangaroo_hide":4,"minecraft:spider_eye":3,"minecraft:trapped_chest":2,"alexsmobs:animal_dictionary":1,"minecraft:bundle":1,"minecraft:diamond_shovel":1,"minecraft:slime_ball":3,"minecraft:diamond":7,"magistuarmory:rusted_bastardsword":1,"magistuarmory:corruptedroundshield":2,"minecraft:granite":7,"minecraft:coal":19},"minecraft:used":{"minecraft:flint_and_steel":61,"croptopia:fig":2,"minecraft:shield":22,"minecraft:iron_sword":222,"minecraft:iron_chestplate":1,"minecraft:torch":9,"minecraft:anvil":1,"minecraft:diamond_helmet":1,"minecraft:golden_shovel":9,"minecraft:tuff":1,"minecraft:granite":7,"minecraft:iron_axe":30,"minecraft:iron_helmet":1,"minecraft:diamond_chestplate":1,"minecraft:golden_sword":28,"minecraft:bow":10,"minecraft:furnace":5,"tombstone:gift":2,"minecraft:cobbled_deepslate":136,"minecraft:cooked_mutton":1,"epicfight:skillbook":3,"minecraft:diorite":16,"minecraft:leather_leggings":1,"minecraft:bundle":1,"minecraft:oak_planks":4,"minecraft:baked_potato":9,"minecraft:stone_pickaxe":42,"minecraft:wooden_pickaxe":3,"minecraft:golden_apple":1,"minecraft:crafting_table":9,"minecraft:diamond_pickaxe":173,"minecraft:diamond_shovel":9,"minecraft:bread":47,"minecraft:iron_pickaxe":356,"minecraft:gravel":15,"securitycraft:mine":3,"minecraft:diamond_sword":36,"minecraft:enchanted_book":2,"minecraft:cobblestone":85,"minecraft:andesite":1,"minecraft:yellow_bed":2}},"DataVersion":2975}