{"stats":{"minecraft:custom":{"minecraft:mob_kills":66,"minecraft:interact_with_crafting_table":28,"minecraft:open_barrel":62,"goblintraders:trade_with_goblin":61,"minecraft:leave_game":2,"minecraft:time_since_death":17190,"minecraft:climb_one_cm":1099,"minecraft:sprint_one_cm":729108,"minecraft:walk_one_cm":1163092,"minecraft:drop":38,"minecraft:damage_dealt_absorbed":9,"minecraft:play_time":128433,"minecraft:deaths":4,"minecraft:sneak_time":14668,"minecraft:walk_under_water_one_cm":20910,"minecraft:jump":3115,"minecraft:interact_with_blast_furnace":1,"minecraft:walk_on_water_one_cm":48134,"minecraft:total_world_time":128433,"minecraft:interact_with_furnace":78,"minecraft:sleep_in_bed":6,"minecraft:time_since_rest":17339,"minecraft:waystone_activated":1,"minecraft:damage_taken":4242,"minecraft:trigger_trapped_chest":2,"minecraft:damage_dealt":16488,"minecraft:swim_one_cm":13142,"minecraft:fly_one_cm":513617,"minecraft:open_chest":29,"minecraft:crouch_one_cm":108979,"tombstone:undead_killed":42,"minecraft:fall_one_cm":60908},"minecraft:killed_by":{"minecraft:player":1,"alexsmobs:centipede_head":1,"minecraft:skeleton":1,"minecraft:zombie":1},"minecraft:broken":{"magistuarmory:rustedcrusader_boots":1,"minecraft:stone_pickaxe":2,"minecraft:iron_pickaxe":1,"magistuarmory:rustedchainmail_leggings":1},"minecraft:dropped":{"byg:biomepedia":1,"minecraft:bread":1,"minecraft:moss_block":4,"minecraft:cobblestone":11,"minecraft:granite":2,"create:crimsite":3,"minecraft:cobweb":1,"minecraft:dirt":1,"artifacts:snorkel":1,"minecraft:cornflower":2,"tombstone:grave_dust":3,"minecraft:string":1,"minecraft:gravel":11,"minecraft:moss_carpet":2,"alexsmobs:animal_dictionary":1,"minecraft:tuff":4,"minecraft:carrot":1,"minecraft:pumpkin_seeds":1,"supplementaries:ash":7,"create:scoria":1,"minecraft:leather_boots":1,"magistuarmory:rustedchainmail_chestplate":1,"minecraft:arrow":4,"magistuarmory:rustedchainmail_boots":7,"iceandfire:dragon_skull_lightning":1,"epicfight:skillbook":3},"minecraft:mined":{"create:deepslate_zinc_ore":1,"minecraft:tuff":101,"iceandfire:silver_ore":1,"minecraft:mossy_cobblestone":8,"minecraft:deepslate_diamond_ore":46,"minecraft:granite":2,"minecraft:grass_block":1,"alexsmobs:leafcutter_ant_chamber":1,"minecraft:moss_block":4,"minecraft:spawner":4,"minecraft:hay_block":14,"minecraft:furnace":5,"minecraft:iron_ore":80,"minecraft:cobbled_deepslate":9,"minecraft:andesite":2,"minecraft:moss_carpet":2,"minecraft:deepslate_lapis_ore":31,"minecraft:dirt_path":1,"minecraft:deepslate_iron_ore":24,"minecraft:stone":103,"minecraft:red_bed":1,"supplementaries:book_pile":2,"minecraft:crafting_table":7,"minecraft:torch":27,"create:scoria":1,"minecraft:cobblestone":16,"minecraft:lapis_ore":5,"minecraft:cyan_bed":1,"minecraft:deepslate_gold_ore":17,"minecraft:oak_planks":3,"minecraft:diorite":2,"minecraft:wall_torch":14,"byg:ebony_leaves":1,"supplementaries:urn":28,"byg:soapstone":6,"rpgsmw:mineral_ore":1,"minecraft:magenta_bed":1,"minecraft:spruce_log":9,"minecraft:birch_leaves":2,"minecraft:tnt":1,"minecraft:grass":4,"minecraft:coal_ore":43,"minecraft:gravel":12,"minecraft:dirt":11,"minecraft:cobweb":49,"create:crimsite":6,"minecraft:deepslate":511},"minecraft:killed":{"minecraft:cave_spider":1,"minecraft:spider":5,"minecraft:skeleton":25,"artifacts:mimic":9,"minecraft:pig":3,"minecraft:zombie_villager":1,"minecraft:creeper":3,"minecraft:zombie":16},"minecraft:crafted":{"minecraft:raw_iron":27,"minecraft:coal":1,"minecraft:furnace":7,"vanillaplustools:iron_hammer":1,"minecraft:stone_pickaxe":2,"minecraft:stone_hoe":1,"minecraft:wheat":117,"sophisticatedbackpacks:iron_backpack":1,"minecraft:cooked_porkchop":6,"minecraft:crafting_table":3,"minecraft:spruce_planks":36,"minecraft:wooden_pickaxe":1,"minecraft:cooked_salmon":24,"sophisticatedbackpacks:gold_backpack":1,"minecraft:stone_axe":1,"minecraft:bread":40,"minecraft:air":0,"minecraft:stick":36,"minecraft:iron_ingot":167,"minecraft:iron_pickaxe":8,"minecraft:iron_block":17,"minecraft:gold_ingot":98,"minecraft:torch":12},"minecraft:picked_up":{"iceandfire:dragon_skull_lightning":1,"minecraft:crafting_table":7,"byg:soapstone":5,"minecraft:enchanted_book":3,"croptopia:kumquat":1,"minecraft:cornflower":2,"minecraft:string":52,"minecraft:red_bed":1,"minecraft:moss_carpet":2,"artifacts:feral_claws":1,"supplementaries:statue":1,"minecraft:zombie_head":1,"minecraft:gold_nugget":31,"minecraft:cobbled_deepslate":478,"rpgsmw:rawmiphrilignot":1,"minecraft:furnace":5,"artifacts:universal_attractor":1,"minecraft:raw_iron":104,"iceandfire:dragonbone":11,"minecraft:torch":75,"iceandfire:silver_ore":1,"epicfight:skillbook":5,"minecraft:porkchop":6,"tombstone:grave_dust":3,"minecraft:diorite":1,"minecraft:carrot":1,"artifacts:snorkel":3,"minecraft:arrow":17,"minecraft:rotten_flesh":15,"create:scoria":1,"supplementaries:antique_ink":2,"minecraft:hay_block":13,"artifacts:pocket_piston":1,"rpgsmw:edmantium":1,"supplementaries:ash":17,"minecraft:glow_berries":1,"minecraft:cobblestone":127,"magistuarmory:rustedchainmail_boots":8,"artifacts:digging_claws":1,"minecraft:andesite":2,"paraglider:spirit_orb":8,"minecraft:tuff":101,"create:raw_zinc":1,"supplementaries:flax_seeds":1,"minecraft:magenta_bed":1,"minecraft:gunpowder":2,"minecraft:lapis_lazuli":228,"minecraft:dirt":13,"artifacts:shock_pendant":1,"minecraft:bone":26,"minecraft:wheat_seeds":1,"minecraft:raw_gold":17,"minecraft:cobweb":1,"artifacts:kitty_slippers":1,"minecraft:moss_block":4,"minecraft:oak_planks":3,"magistuarmory:rustedchainmail_chestplate":1,"minecraft:gravel":11,"minecraft:spruce_log":9,"minecraft:cyan_bed":1,"magistuarmory:rustedchainmail_leggings":3,"minecraft:mossy_cobblestone":8,"magistuarmory:rustedchainmail_helmet":1,"minecraft:pumpkin_seeds":1,"create:crimsite":6,"minecraft:diamond":46,"magistuarmory:rusted_bastardsword":1,"artifacts:crystal_heart":1,"magistuarmory:rustedcrusader_boots":1,"magistuarmory:corruptedroundshield":1,"minecraft:granite":2,"minecraft:emerald":2,"minecraft:bread":1,"minecraft:melon_seeds":2,"minecraft:coal":43},"minecraft:used":{"minecraft:cooked_salmon":13,"minecraft:stone_hoe":15,"minecraft:torch":64,"minecraft:dirt":12,"minecraft:tuff":13,"croptopia:kumquat":1,"supplementaries:ash":2,"minecraft:furnace":9,"magistuarmory:rusted_bastardsword":77,"tombstone:gift":4,"minecraft:cobbled_deepslate":161,"minecraft:water_bucket":45,"epicfight:skillbook":7,"minecraft:diorite":1,"minecraft:stone_pickaxe":262,"create:crimsite":3,"minecraft:wooden_pickaxe":15,"minecraft:diamond_axe":177,"minecraft:leather_boots":1,"minecraft:crafting_table":9,"minecraft:red_bed":1,"minecraft:magenta_bed":1,"minecraft:bread":58,"minecraft:string":1,"minecraft:iron_pickaxe":352,"byg:soapstone":1,"minecraft:stone_axe":60,"minecraft:enchanted_book":2,"minecraft:cobblestone":101,"vanillaplustools:iron_hammer":54,"minecraft:cooked_porkchop":1,"minecraft:bucket":46,"minecraft:andesite":2}},"DataVersion":2975}