{"stats":{"minecraft:dropped":{"byg:biomepedia":1,"alexsmobs:animal_dictionary":2,"tombstone:grave_dust":1},"minecraft:killed_by":{"minecraft:skeleton":1},"minecraft:crafted":{"minecraft:wooden_hoe":1,"minecraft:crafting_table":1,"minecraft:stick":8,"minecraft:wooden_pickaxe":1,"minecraft:iron_ingot":1,"minecraft:stone_pickaxe":1,"minecraft:wooden_axe":1,"minecraft:birch_planks":28,"minecraft:air":0},"minecraft:used":{"minecraft:wooden_hoe":14,"minecraft:wooden_axe":25,"minecraft:bread":5,"minecraft:stone_pickaxe":51,"minecraft:spruce_planks":1,"minecraft:wooden_pickaxe":3,"minecraft:iron_sword":6,"minecraft:dirt":5,"croptopia:peach":3,"minecraft:crafting_table":3,"minecraft:red_bed":1,"tombstone:gift":2,"alexsmobs:animal_dictionary":2},"minecraft:custom":{"minecraft:time_since_rest":7002,"minecraft:interact_with_furnace":2,"minecraft:sprint_one_cm":69793,"minecraft:damage_absorbed":135,"minecraft:damage_taken":540,"minecraft:walk_one_cm":272957,"minecraft:mob_kills":1,"minecraft:interact_with_anvil":1,"minecraft:drop":4,"minecraft:damage_dealt":358,"minecraft:talked_to_villager":2,"minecraft:interact_with_crafting_table":5,"minecraft:fly_one_cm":89945,"minecraft:open_barrel":1,"minecraft:open_chest":3,"minecraft:crouch_one_cm":13733,"minecraft:play_time":23537,"tombstone:undead_killed":1,"minecraft:deaths":1,"minecraft:sneak_time":2410,"minecraft:jump":555,"minecraft:interact_with_stonecutter":1,"minecraft:interact_with_blast_furnace":2,"minecraft:leave_game":1,"minecraft:time_since_death":11630,"minecraft:sleep_in_bed":2,"minecraft:total_world_time":23537,"minecraft:fall_one_cm":8586},"minecraft:mined":{"minecraft:hay_block":17,"minecraft:spruce_planks":1,"minecraft:red_bed":1,"minecraft:birch_log":24,"minecraft:iron_ore":14,"minecraft:birch_leaves":3,"minecraft:powder_snow":9,"minecraft:crafting_table":3,"minecraft:grass":3,"minecraft:grass_block":2,"minecraft:coal_ore":25,"minecraft:dirt":6,"minecraft:tall_grass":2,"minecraft:stone":14},"minecraft:killed":{"minecraft:zombie":1},"minecraft:picked_up":{"minecraft:birch_log":24,"minecraft:crafting_table":3,"minecraft:raw_iron":14,"croptopia:peach":3,"minecraft:dirt":8,"alexsmobs:animal_dictionary":1,"minecraft:red_bed":1,"minecraft:rotten_flesh":1,"minecraft:spruce_planks":1,"minecraft:hay_block":17,"minecraft:coal":25,"minecraft:cobblestone":14}},"DataVersion":2975}